{
    "$schema": "https://schema.management.azure.com/schemas/2015-01-01/deploymentParameters.json#",
    "contentVersion": "1.0.0.0",
    "parameters": {
        "availabilityZones": {
            "value": [
                "1"
            ]
        },
        "containerName": {
            "value": "webnewaci"
        },
        "location": {
            "value": "brazilsouth"
        },
        "imageType": {
            "value": "Private"
        },
        "imageName": {
            "value": "webnewsacr.azurecr.io/webnews-api:latest"
        },
        "osType": {
            "value": "Linux"
        },
        "numberCpuCores": {
            "value": "1"
        },
        "memory": {
            "value": "1.5"
        },
        "restartPolicy": {
            "value": "OnFailure"
        },
        "sku": {
            "value": "Standard"
        },
        "imageRegistryLoginServer": {
            "value": "webnewsacr.azurecr.io"
        },
        "imageUsername": {
            "value": "webnewsacr"
        },
        "imagePassword": {
            "value": null
        },
        "ipAddressType": {
            "value": "Public"
        },
        "ports": {
            "value": [
                {
                    "port": "80",
                    "protocol": "TCP"
                }
            ]
        },
        "dnsNameLabel": {
            "value": "webnewsaci"
        },
        "autoGeneratedDomainNameLabelScope": {
            "value": "TenantReuse"
        }
    }
}