{
    "$schema": "https://schema.management.azure.com/schemas/2015-01-01/deploymentTemplate.json#",
    "contentVersion": "1.0.0.0",
    "parameters": {
        "availabilityZones": {
            "type": "array"
        },
        "location": {
            "type": "string"
        },
        "containerName": {
            "type": "string"
        },
        "imageType": {
            "type": "string",
            "allowedValues": [
                "Public",
                "Private"
            ]
        },
        "imageName": {
            "type": "string"
        },
        "osType": {
            "type": "string",
            "allowedValues": [
                "Linux",
                "Windows"
            ]
        },
        "numberCpuCores": {
            "type": "string"
        },
        "memory": {
            "type": "string"
        },
        "restartPolicy": {
            "type": "string",
            "allowedValues": [
                "OnFailure",
                "Always",
                "Never"
            ]
        },
        "sku": {
            "type": "string",
            "allowedValues": [
                "Standard",
                "Confidential"
            ]
        },
        "imageRegistryLoginServer": {
            "type": "string"
        },
        "imageUsername": {
            "type": "string"
        },
        "imagePassword": {
            "type": "secureString"
        },
        "ipAddressType": {
            "type": "string"
        },
        "ports": {
            "type": "array"
        },
        "dnsNameLabel": {
            "type": "string"
        },
        "autoGeneratedDomainNameLabelScope": {
            "type": "string"
        }
    },
    "resources": [
        {
            "location": "[parameters('location')]",
            "name": "[parameters('containerName')]",
            "type": "Microsoft.ContainerInstance/containerGroups",
            "apiVersion": "2022-10-01-preview",
            "zones": "[parameters('availabilityZones')]",
            "properties": {
                "containers": [
                    {
                        "name": "[parameters('containerName')]",
                        "properties": {
                            "image": "[parameters('imageName')]",
                            "resources": {
                                "requests": {
                                    "cpu": "[int(parameters('numberCpuCores'))]",
                                    "memoryInGB": "[float(parameters('memory'))]"
                                }
                            },
                            "ports": "[parameters('ports')]"
                        }
                    }
                ],
                "restartPolicy": "[parameters('restartPolicy')]",
                "osType": "[parameters('osType')]",
                "sku": "[parameters('sku')]",
                "imageRegistryCredentials": [
                    {
                        "server": "[parameters('imageRegistryLoginServer')]",
                        "username": "[parameters('imageUsername')]",
                        "password": "[parameters('imagePassword')]"
                    }
                ],
                "ipAddress": {
                    "type": "[parameters('ipAddressType')]",
                    "ports": "[parameters('ports')]",
                    "dnsNameLabel": "[parameters('dnsNameLabel')]",
                    "autoGeneratedDomainNameLabelScope": "[parameters('autoGeneratedDomainNameLabelScope')]"
                }
            },
            "tags": {}
        }
    ]
}